-- MySQL dump 10.13  Distrib 8.0.36, for Win64 (x86_64)
--
-- Host: 58.239.58.243    Database: java405_team1_mobile
-- ------------------------------------------------------
-- Server version	8.0.27

/*!40101 SET @OLD_CHARACTER_SET_CLIENT=@@CHARACTER_SET_CLIENT */;
/*!40101 SET @OLD_CHARACTER_SET_RESULTS=@@CHARACTER_SET_RESULTS */;
/*!40101 SET @OLD_COLLATION_CONNECTION=@@COLLATION_CONNECTION */;
/*!50503 SET NAMES utf8 */;
/*!40103 SET @OLD_TIME_ZONE=@@TIME_ZONE */;
/*!40103 SET TIME_ZONE='+00:00' */;
/*!40014 SET @OLD_UNIQUE_CHECKS=@@UNIQUE_CHECKS, UNIQUE_CHECKS=0 */;
/*!40014 SET @OLD_FOREIGN_KEY_CHECKS=@@FOREIGN_KEY_CHECKS, FOREIGN_KEY_CHECKS=0 */;
/*!40101 SET @OLD_SQL_MODE=@@SQL_MODE, SQL_MODE='NO_AUTO_VALUE_ON_ZERO' */;
/*!40111 SET @OLD_SQL_NOTES=@@SQL_NOTES, SQL_NOTES=0 */;

--
-- Table structure for table `category`
--

DROP TABLE IF EXISTS `category`;
/*!40101 SET @saved_cs_client     = @@character_set_client */;
/*!50503 SET character_set_client = utf8mb4 */;
CREATE TABLE `category` (
  `category_id` int NOT NULL AUTO_INCREMENT,
  `title` varchar(30) NOT NULL,
  PRIMARY KEY (`category_id`)
) ENGINE=InnoDB AUTO_INCREMENT=13 DEFAULT CHARSET=utf8mb4 COLLATE=utf8mb4_0900_ai_ci;
/*!40101 SET character_set_client = @saved_cs_client */;

--
-- Dumping data for table `category`
--

LOCK TABLES `category` WRITE;
/*!40000 ALTER TABLE `category` DISABLE KEYS */;
INSERT INTO `category` VALUES (0,'전체'),(1,'캐릭터·굿즈'),(2,'홈·리빙'),(3,'테크·가전'),(4,'반려동물'),(5,'향수·뷰티'),(6,'의류'),(7,'잡화'),(8,'음악'),(9,'푸드'),(10,'주얼리');
/*!40000 ALTER TABLE `category` ENABLE KEYS */;
UNLOCK TABLES;

--
-- Table structure for table `favorite`
--

DROP TABLE IF EXISTS `favorite`;
/*!40101 SET @saved_cs_client     = @@character_set_client */;
/*!50503 SET character_set_client = utf8mb4 */;
CREATE TABLE `favorite` (
  `favorite_id` int NOT NULL AUTO_INCREMENT,
  `project_id` int NOT NULL,
  `user_id` varchar(255) NOT NULL,
  PRIMARY KEY (`favorite_id`),
  KEY `FKbcceotrx3em2qm4uu9n4cfqr4` (`project_id`),
  KEY `FKh3f2dg11ibnht4fvnmx60jcif` (`user_id`),
  CONSTRAINT `FKbcceotrx3em2qm4uu9n4cfqr4` FOREIGN KEY (`project_id`) REFERENCES `project` (`project_id`),
  CONSTRAINT `FKh3f2dg11ibnht4fvnmx60jcif` FOREIGN KEY (`user_id`) REFERENCES `user` (`user_id`)
) ENGINE=InnoDB AUTO_INCREMENT=112 DEFAULT CHARSET=utf8mb4 COLLATE=utf8mb4_0900_ai_ci;
/*!40101 SET character_set_client = @saved_cs_client */;

--
-- Dumping data for table `favorite`
--

LOCK TABLES `favorite` WRITE;
/*!40000 ALTER TABLE `favorite` DISABLE KEYS */;
INSERT INTO `favorite` VALUES (28,49,'qwqwqw123'),(39,1,'qwqwqw123'),(41,23,'53576as'),(44,11,'567gjs'),(48,84,'53576as'),(49,10,'53576as'),(52,8,'53576as'),(56,26,'53576as'),(57,27,'53576as'),(58,43,'53576as'),(63,51,'53576as'),(67,17,'53576as'),(73,1,'53576as'),(75,35,'53576as'),(78,24,'53576as'),(80,41,'53576as'),(85,17,'567gjs'),(86,31,'567gjs'),(87,6,'53576as'),(92,101,'53576as'),(93,10,'curfgh15'),(94,14,'curfgh15'),(102,107,'testID'),(106,102,'testID1'),(108,102,'tester12'),(109,5,'송'),(111,102,'test');
/*!40000 ALTER TABLE `favorite` ENABLE KEYS */;
UNLOCK TABLES;

--
-- Table structure for table `project`
--

DROP TABLE IF EXISTS `project`;
/*!40101 SET @saved_cs_client     = @@character_set_client */;
/*!50503 SET character_set_client = utf8mb4 */;
CREATE TABLE `project` (
  `category_id` int NOT NULL,
  `current_amount` int NOT NULL DEFAULT '0',
  `goal_amount` int NOT NULL,
  `per_price` int NOT NULL,
  `project_id` int NOT NULL AUTO_INCREMENT,
  `end_date` datetime NOT NULL,
  `start_date` datetime NOT NULL,
  `title` varchar(50) NOT NULL,
  `contents` varchar(2000) NOT NULL,
  `thumbnail` varchar(2000) NOT NULL,
  `user_id` varchar(255) NOT NULL,
  PRIMARY KEY (`project_id`),
  KEY `FKe0w7gh0rpmxo35nltk6g8517q` (`category_id`),
  KEY `FKo06v2e9kuapcugnyhttqa1vpt` (`user_id`),
  CONSTRAINT `FKe0w7gh0rpmxo35nltk6g8517q` FOREIGN KEY (`category_id`) REFERENCES `category` (`category_id`),
  CONSTRAINT `FKo06v2e9kuapcugnyhttqa1vpt` FOREIGN KEY (`user_id`) REFERENCES `user` (`user_id`)
) ENGINE=InnoDB AUTO_INCREMENT=584 DEFAULT CHARSET=utf8mb4 COLLATE=utf8mb4_0900_ai_ci;
/*!40101 SET character_set_client = @saved_cs_client */;

--
-- Dumping data for table `project`
--

LOCK TABLES `project` WRITE;
/*!40000 ALTER TABLE `project` DISABLE KEYS */;
INSERT INTO `project` VALUES (2,214000,500000,40000,1,'2024-09-23 00:00:00','2024-09-10 00:00:00','퍼석한 각질, 묵은피지 올킬하는 블랙바','1.png','1.jpg','ntcg35'),(0,1390100,3000000,60000,2,'2024-10-05 00:00:00','2024-09-10 00:00:00','오픈리 퀴어 토크쇼! <이반지하의 이면지>','2.png','2.jpg','ntfdh756'),(0,234250,1000000,22000,3,'2024-09-28 00:00:00','2024-09-09 00:00:00','진짜 무당이 알려주는 전통 무속 가이드','3.png','3.jpg','ybaxt125'),(10,1724400,5000000,15000,4,'2024-10-14 00:00:00','2024-09-09 00:00:00','어디서든 누를 수 있는 <키보드 키링>','4.png','4.jpg','uiyret35'),(7,4586000,3000000,13000,5,'2024-09-25 00:00:00','2024-08-24 00:00:00','미니 마패교통카드, 삑 암행어사 승차요~','5.png','5.jpg','jajaj21'),(0,80044020,70000000,40000,6,'2024-09-23 00:00:00','2024-08-14 00:00:00','웹툰으로 만나는 <가비지타임> 시즌2','6.png','6.jpg','dateit221'),(9,3120900,3000000,27000,7,'2024-09-20 00:00:00','2024-09-10 00:00:00','두바이 마카롱 & 냥냥 두바이 초콜릿','7.png','7.jpg','kuku5'),(2,140000,500000,12000,8,'2024-09-28 00:00:00','2024-09-10 00:00:00','[하루 한 장 한 달 클래스] 건축 드로잉','8.png','8.jpg','nykfda234'),(3,310000,500000,10000,9,'2024-09-20 00:00:00','2024-09-10 00:00:00','클립)요즘 핫한 최신 핸드폰 대표 4종류','9.png','9.jpg','jd353s'),(1,148520,500000,8000,10,'2024-09-24 00:00:00','2024-08-26 00:00:00','나만의 작업 메이트 고양이, <퍼라운딩>','10.png','10.jpg','suta16'),(5,3622000,10000000,58000,11,'2024-09-21 00:00:00','2024-09-10 00:00:00','당신의 코펙트럼을 확장시켜줄 올팩션 향키트','11.png','11.jpg','qwrq25'),(0,4210000,3000000,46000,12,'2024-09-25 00:00:00','2024-08-27 00:00:00','폐쇄된 놀이공원에서 일어난 끔찍한 살인사건','12.png','12.jpg','asdag2134'),(9,461500,800000,7000,13,'2024-09-23 00:00:00','2024-09-10 00:00:00','텀블벅 최초공개! 마라떡볶이&마라소스','13.png','13.jpg','nunu324'),(1,742200,10000000,16000,14,'2024-09-30 00:00:00','2024-09-10 00:00:00','파주출판단지 주변 명소를 담은 스크래치맵','14.png','14.jpg','88uuu'),(0,375010,500000,12000,15,'2024-10-17 00:00:00','2024-09-10 00:00:00','판타지 <가문과 가업> 세계관 명칭 가이드','15.png','15.jpg','state58'),(0,2456000,5000000,14000,16,'2024-10-11 00:00:00','2024-09-09 00:00:00','창작자를 위한 <세계관 설정집>','16.png','16.jpg','cecey13'),(1,1264000,1500000,11000,17,'2024-09-23 00:00:00','2024-09-08 00:00:00','리타의 아이들, 두 번째 작품 오스타라','17.png','17.jpg','rtjn5746'),(0,704200,1000000,10000,18,'2024-09-30 00:00:00','2024-09-10 00:00:00','달콤쌉싸름하면서 새콤짭짤한 커피 인문학!','18.png','18.jpg','hgfd546734'),(8,4560400,5000000,26000,19,'2024-09-25 00:00:00','2024-08-30 00:00:00','티키틱 마지막 이야기, 에필로그와 악보집','19.png','19.jpg','nynyasd1124'),(7,1453000,2000000,7000,20,'2024-09-26 00:00:00','2024-09-09 00:00:00','[더 착붙 슈즈]운동화보다 편한 메리제인','20.png','20.jpg','jtjsfq125'),(7,786000,500000,13000,21,'2024-09-29 00:00:00','2024-09-10 00:00:00','워커와 펌프스의 만남<미끄럼없는 편한구두>','21.png','21.jpg','nucak1257'),(0,1124000,1000000,9000,22,'2024-09-28 00:00:00','2024-08-26 00:00:00','사랑받는 게임의 비결, 게임 시나리오 작법','22.png','22.jpg','balsf124'),(5,700000,500000,15000,23,'2024-09-21 00:00:00','2024-09-10 00:00:00','새콤달콤 딸기가 어우러진 쫀득한 캐러멜향기','23.png','23.jpg','aaaw4r12'),(1,716000,1000000,5000,24,'2024-10-17 00:00:00','2024-09-10 00:00:00','꽃과 별길의 치유<포스터에 담다>','24.png','24.jpg','vava341'),(0,1048000,2000000,11000,25,'2024-10-10 00:00:00','2024-09-10 00:00:00','낯선 일상이 보낸 편지','낯선 곳에서 함께 보낸 일상을 담은 그림 편지','25.jpg','asvbzwt123'),(1,3425200,11000000,25000,26,'2024-09-23 00:00:00','2024-09-02 00:00:00','우리는 모두 실패할 것을 알고 있어요','밴드 브로콜리너마저 4집은 닳아가는 감각과, 그럼에도 삶을 이어가는 이야기를 담았습니다.','26.jpg','jjjt53'),(1,1420000,2000000,14000,27,'2024-09-26 00:00:00','2024-08-27 00:00:00','보송보송 여우 보송이와 늑대 타로 키링인형','보송보송 여우 보송이와 퐁신퐁신 회색늑대 타로, 대롱대롱&납작 키링 인형','27.jpg','kyjg444'),(0,256400,1000000,17000,28,'2024-10-23 00:00:00','2024-09-09 00:00:00','특이공능수행 - 선도비결 내정보화주','특수기공 내정보화주 소개, 선도 18층 수록과 리워드로 도가 천신들의 영부 제공','28.jpg','yyyyyy77'),(1,524100,500000,9000,29,'2024-09-30 00:00:00','2024-09-09 00:00:00','나의 작은 여름 <능소화 포카 스탠드>','내가 사랑하는 대상의 사진을 안전하게 전시할 수 있는 아크릴 스탠드와 키링, 문구류입니다.','29.jpg','53576as'),(0,514200,500000,11000,30,'2024-09-30 00:00:00','2024-08-22 00:00:00','디자인에 의한,디자인을 위한 <디자인 북>','국제 공모전 수상자가 직접 집필한 디자인 개념서의 정석 \"디자인의 모든 것, 디자인 북\"','30.jpg','nntnt24'),(10,2818000,3000000,15000,31,'2024-09-29 00:00:00','2024-09-10 00:00:00','맑고 순수한 아름다움, [안개꽃 반지]','청순하고 수수한 매력을 가진 안개꽃 반지','31.jpg','nyny124'),(0,9987500,10000000,17000,32,'2024-10-03 00:00:00','2024-08-16 00:00:00','<더블크로스> 그것은 배신을 의미하는 말','더블크로스 The 3rd Edition 공식 한국어판 제작과 판매를 위한 프로젝트입니다.','32.jpg','tttr124'),(0,745200,500000,11000,33,'2024-09-25 00:00:00','2024-08-28 00:00:00','세상을 홀린 약들, <마약도감>','고대 인류 최초의 마약부터, 현대의 좀비 거리 마약 사태까지','33.jpg','hhrdda3452'),(0,2992100,3000000,15000,34,'2024-09-30 00:00:00','2024-08-16 00:00:00','<가장 완벽한 도형>시즌1 단행본 제작','화제의 19금 BL웹툰 <가장 완벽한 도형> 시즌1 단행본 & 굿즈 제작 프로젝트입니다.','34.jpg','asd123'),(0,224000,1000000,10000,35,'2024-10-06 00:00:00','2024-09-10 00:00:00','아름다운 밤 나들이 강원 스티커북','프로젝트 밤나들이 강원','35.jpg','hdel563'),(0,3100383,3000000,25000,36,'2024-09-24 00:00:00','2024-08-21 00:00:00','욕망이 가득한 무저갱 <어비스:에버라스팅>','칠흑의 세상 무저갱에서 펼쳐지는 텍스트 어드벤처 RPG','36.jpg','bngia123'),(0,2456100,3000000,14000,37,'2024-09-27 00:00:00','2024-08-30 00:00:00','빈티지리서처 1인의 리바이스 501 해부서','우리가 사랑하는 청바지 리바이스501, 알려지지 않은 정보를 수집하며 그 본질에 접근한다!','37.jpg','sulrok70'),(2,836640,1000000,16000,38,'2024-09-21 00:00:00','2024-08-12 00:00:00','동양풍 아르누보 브러쉬 세트 Part.3','<클립스튜디오> 퍼블릭문양을 참고로한 동양풍 아르누보 브러쉬 & 프레임 세트 Part.3','38.jpg','mmmt446'),(0,3685333,5000000,27000,39,'2024-10-04 00:00:00','2024-08-19 00:00:00','창작 초연 연극 <반려가전 A/S합니다>','남성형 섹서로이드가 불법이 된 30년 후, 우리는 어떻게 늙어갈까? 하이카라의 블랙코미디','39.jpg','myjfg575'),(7,2268000,5000000,24000,40,'2024-09-29 00:00:00','2024-09-10 00:00:00','필요한 외출품만 쏙쏙 ! 만능 어텀 미니백','명품 브랜드와 동일한 이태리 가죽을 사용해 만든 한정판 가을맞이 미니백을 지금 만나보세요.','40.jpg','55567asfv'),(2,786000,1000000,15000,41,'2024-09-22 00:00:00','2024-08-21 00:00:00','키츠 <아이패드 드로잉 마스터> 후기최상!','[팬콜] 손그림 브러쉬 최대 151종부터 전자책, 클래스, 노션 템플릿까지 작가로 레벨업!','41.jpg','minugy12'),(2,254000,500000,17000,42,'2024-09-22 00:00:00','2024-08-21 00:00:00','매콤한 씬을 위한 <19금 유의어사전>','19금 묘사사전을 5개 제작한 청광 팀에서 만든 <19금 유의어사전> 1000가지 예문','42.jpg','muifgj56'),(1,6021180,5000000,15000,43,'2024-09-26 00:00:00','2024-07-20 00:00:00','이제 사주도 카드로 보세요! 60갑자 카드','복잡하고 어려웠던 사주&60갑자. 이제 60갑자 카드로 쉽고 재미있게 배우고 활용해보세요!','43.jpg','iufg1234'),(5,856120,500000,20000,44,'2024-09-22 00:00:00','2024-09-08 00:00:00','가을, 셜록의 두번째 비밀 [셜록 서재향]','[앵콜펀딩2] 매력적인 우디와 가을 숲 한 방울. 서재 향 속 빛나는 셜록의 향기.','44.jpg','jhj4ra12'),(2,422000,500000,10000,45,'2024-09-22 00:00:00','2024-08-26 00:00:00','차근차근 준비해보는 내 집 마련의 꿈!','내 집 마련, 뭐부터 시작해야하지? 부동산 임장 초보들을 위한 템플릿','45.jpg','urtu6'),(2,853000,965000,15000,46,'2024-10-10 00:00:00','2024-09-09 00:00:00','선 넘을 듯 말 듯, 틈새에 끼인 이야기','세 명의 작가가 그리는 세 개의 만화, 선 세 개 클럽의 첫 단편집 <선 세 개>','46.jpg','nte75'),(1,18125600,40000000,34000,47,'2024-09-29 00:00:00','2024-09-06 00:00:00','[마블 코믹스] 스파이더맨/베놈','베놈 최고의 명작 스토리와 카니지의 첫 등장을 만화로 만나세요!','47.jpg','jungung1'),(2,754100,500000,7000,48,'2024-09-23 00:00:00','2024-08-26 00:00:00','[기획전] 나의 첫 생리컵 벨과 포이컵','팬콜펀딩으로 돌아온 오이사. 안정감 100% <벨>과 극강의 착용감 <포이컵>을 만나보세요','48.jpg','bundank25'),(2,1128000,500000,11000,49,'2024-09-30 00:00:00','2024-09-09 00:00:00','스피킹 치트키, 영어회화 패턴 쓰기노트','손으로 쓰면서, 귀로 듣고, 입으로 따라말하는 영어 회화 트레이닝북','49.jpg','567gjs'),(0,2417000,2000000,14000,50,'2024-09-23 00:00:00','2024-08-28 00:00:00','이뮤 <REWINDER :>','이화여자대학교 중앙뮤지컬동아리 이뮤 제 37회 정기공연 <REWINDER :>','50.jpg','mutgj78'),(1,70622000,150000000,20000,51,'2024-10-25 00:00:00','2024-08-28 00:00:00','애니메이션 <호랑이 들어와요> 시즌2','<호랑이 들어와요> 애니메이션 시즌2를 제작합니다.','51.jpg','aaaaa1111'),(2,1221599,500000,17000,52,'2024-09-27 00:00:00','2024-08-02 00:00:00','[머더미스터리]퇴사하려는데 김부장이 죽었다','퇴사하고 싶은 모든 사람들을 위한 4-5인용 머더미스터리 추리+역할극 요소 UP!','52.jpg','vbno452'),(0,571500,700000,15000,53,'2024-10-18 00:00:00','2024-09-09 00:00:00','퀴어들의 아이돌 <에이스: 아이돌특집>','Hi,Queer!의 8번째 이야기 <에이스: 아이돌특집>의 출판, 제본 프로젝트','53.jpg','aaaxv123'),(2,308270,1000000,19000,54,'2024-10-01 00:00:00','2024-08-19 00:00:00','장식이 달린 차르르 물결 비즈발','바다, 연못, 수조에 담겨 영롱한 물결을 표현한 이미지를 비즈발로 만나보세요','54.jpg','ttut44'),(4,6239000,5000000,17000,55,'2024-10-02 00:00:00','2024-08-30 00:00:00','펫타로:동물과의 메신저','초보자도 볼 수 있는, 유니버셜 웨이트로 보는 펫타로','55.jpg','cvcvc35'),(0,4560000,8800000,21000,56,'2024-10-11 00:00:00','2024-09-05 00:00:00','삶의 아름다운 피날레를 위한 디자인','아버지와 함께한 삶의 마지막 117일의 여정을 담은 북프로듀서 이나미의 아트북 프로젝트','56.jpg','curfgh15'),(10,4033300,5000000,18000,57,'2024-10-13 00:00:00','2024-08-19 00:00:00','나만의 향취를 담을 수 있는 앤틱 향갑키링','사랑을 듬뿍 받았던 호접몽 향갑노리개 ver.2 앤틱키링으로 돌아왔어요.','57.jpg','qqqave77'),(6,248220,500000,25000,58,'2024-10-01 00:00:00','2024-09-10 00:00:00','가을맞이 고감도 프렌치룩 한번에 완성하기','가을을 맞이하는 고감도 고퀄리티의 우아한 프렌치룩을 선보입니다.','58.jpg','zzxcb124'),(0,4610000,5000000,20000,59,'2024-09-23 00:00:00','2024-08-22 00:00:00','내담자는 사양합니다, 나비의 수상한 상담소','엄마의 이름을 찾아가며 겪는, 여고생 소연의 신비하고 몽글한 이야기','59.jpg','youngjin2'),(0,754000,500000,25000,60,'2024-10-01 00:00:00','2024-09-10 00:00:00','우리 어느별에서 만났을까?','사랑을 시작하는, 그리고 사랑을 더 잘하고 싶은 연인들을 위한 성 가이드 안내서 입니다.','60.jpg','jytfgh68'),(2,799200,1000000,30000,61,'2024-09-23 00:00:00','2024-09-09 00:00:00','내 책상에 즐거운 여유를 더할 조인테이블','책상 앞에서 좀 더 편하게 밥 먹고 커피 수혈하고 싶으신 분! 조인테이블 하나 몰고가세요','61.jpg','nmtyjr14'),(6,12530040,10000000,35000,62,'2024-10-19 00:00:00','2024-08-19 00:00:00','우리는 누구나 될 수 있어 <아무개즈>','모두의 의견을 담아 만든 EVERYONE 크로스백을 소개합니다.','62.jpg','jolfiss11'),(9,386000,900000,11000,63,'2024-10-10 00:00:00','2024-09-06 00:00:00','사랑의 형태를 담은 봉봉 초콜릿: 스며들다','나와 당신, 서로에게 스며드는 우리의 사랑을 닮은 봉봉 초콜릿','63.jpg','mmmma124'),(0,3587000,5000000,21000,64,'2024-10-16 00:00:00','2024-09-06 00:00:00','당신이 몰랐던 성경 <여친구약> 출간','대홍수, 요셉 이야기.. 성경은 표절일까? 질문하는 용기를 가진 당신에게 추천하는 만화','64.jpg','bbnbry74'),(1,2464000,1000000,15000,65,'2024-10-05 00:00:00','2024-08-25 00:00:00','화려한 점술 카드<한국화 담은 레노먼드>','많은 분께 사랑받았던 <한국화 담은 레노 먼드>가 다시 돌아왔어요!','65.jpg','8dfh5'),(8,2130000,2000000,35000,66,'2024-10-05 00:00:00','2024-08-21 00:00:00','비디오로즈의 새 앨범 릴리즈 파티','비디오로즈(VideoRose)의 새 EP를 발매하고, 앨범 릴리즈 파티를 기획합니다!','66.jpg','ktktkt12'),(1,1742000,4000000,17000,67,'2024-10-17 00:00:00','2024-09-02 00:00:00','당신에게 필요한 가장 명확한 해답 타로메이트<메시지 카드>','초간편 초간단 1초 만에 확인하는 나의 운세','67.jpg','btufg46'),(5,485600,1100000,27000,68,'2024-10-18 00:00:00','2024-09-03 00:00:00','[팩과 클렌징을 한번에] 매듭풀로 모공삭제','모공비우고 영양 채우고 매듭풀로 꽁꽁 묶어드릴게요','68.jpg','jung66'),(0,717300,2000000,12000,69,'2024-10-27 00:00:00','2024-08-29 00:00:00','작가가 맨땅에 헤딩하면서 알게 된 모든 것','글을 쓰고 싶다! 나만의 스토리를 만들고 싶다!는 분들을 위한 입문서를 소개합니다','69.jpg','tim2555'),(1,9996000,10000000,19000,70,'2024-09-27 00:00:00','2024-08-20 00:00:00','Re!!마녀사이프의 마법의숲타로카드','다시 열린 마법의 숲!마녀 사이프의 숲과 그녀가 그려간 마법생물들의 이야기가 담긴 타로카드','70.jpg','igig66'),(0,4470800,5000000,18000,71,'2024-09-30 00:00:00','2024-08-19 00:00:00','[누적 2억] 판타지 세계 설계 노트','탄탄한 세계관을 만들고 싶지만, 방법을 몰라 막막함을 느끼는 길 잃은 작가들의 필수 지참서','71.jpg','hhhsd47'),(2,12010000,10000000,20000,72,'2024-09-23 00:00:00','2024-08-12 00:00:00','현대 배경 올인원 패키지 20종','현대 배경 올인원 20종 세트','72.jpg','hyjui311'),(1,2472000,3000000,25000,73,'2024-09-29 00:00:00','2024-08-19 00:00:00','<회색낙원 | 시크릿 가든>','미소녀 액션 백합, <회색낙원>의 성인버전 제작 프로젝트!','73.jpg','ntntnt46'),(1,7871000,10000000,18000,74,'2024-10-01 00:00:00','2024-09-09 00:00:00','<역대급 영지 설계사> 공식 보드게임','로이드와 함께 매력적인 캐릭터들이 가득한 프론테라 대륙을 개척해보세요!','74.jpg','ccvnr75367'),(0,1564000,1500000,19000,75,'2024-09-24 00:00:00','2024-09-03 00:00:00','마키토이의 매일 나를 가꾸고 돌보는 그림','느리지만 조금씩 성장하는 식물을 닮고 싶은 마음으로 만든 <매일 나를 가꾸고 돌보는 그림>','75.jpg','nyadg15'),(8,3161000,6000000,25000,76,'2024-09-30 00:00:00','2024-08-16 00:00:00','이름을 모르는 먼 곳의 그대에게','이름을 모르는 먼 곳의 그대에게는 음악을 통해 전쟁 반대, 평화 실현을 노래합니다.','76.jpg','hhhd3512'),(0,2331500,2500000,16000,77,'2024-09-30 00:00:00','2024-09-06 00:00:00','당신은 무엇을 사랑하고 태우고 파헤치나요?','8인의 작가들이 모인 스테디 에세이 클럽. 태우고, 사랑하고, 파헤친 그들의 이야기.','77.jpg','vvrrr2'),(0,756420,1000000,21000,78,'2024-10-14 00:00:00','2024-08-15 00:00:00','조선 야담 속 귀신과 괴물 이야기 모음','귀신 씻나락 까먹는 소리 들어보셨나요?','78.jpg','asd123'),(6,2456000,5000000,20000,79,'2024-09-23 00:00:00','2024-09-06 00:00:00','[체험단]전통X현대 나만의 행운금박 럭키백','[체험단] 나만의 전통돌금박 댕기와 복주머니백의 만남. 금박 장인의 디테일을 만나보세요','79.jpg','asd123'),(6,568810,500000,19000,80,'2024-09-24 00:00:00','2024-09-09 00:00:00','1인1한복 시대! 한복 정장 setup','누적2369%% 한복 정장 팬콜 펀딩입니다.','80.jpg','asd123'),(1,5124003,10000000,45000,81,'2024-10-07 00:00:00','2024-09-05 00:00:00','밤바다 향 가득 TNB(뉴블랙) 공식 굿즈','불꽃놀이부터 밤바다까지! 수플레를 위해 뉴블랙이 준비한 첫 활동 기념 굿즈를 만나 보세요!','81.jpg','asd123'),(0,1845000,2000000,18000,82,'2024-10-14 00:00:00','2024-08-26 00:00:00','정치 페스티벌: 우리 정치 정상 영업합니다','대한민국 정치, 정말 정상 영업 중일까요? 불신과 무관심의 정치를 축제로 리모델링해요!','82.jpg','asd123'),(6,1027760,800000,17000,83,'2024-09-24 00:00:00','2024-09-04 00:00:00','[Y존압박 해방]내몸처럼 편한 요가점프수트','누구에게도 편안한 찰떡 맞춤 요가 점프수트! 요가 그리고 일상에서 이어가세요.','83.jpg','asd123'),(5,945000,800000,16000,84,'2024-09-25 00:00:00','2024-09-06 00:00:00','달달 멜론크림&폭신 버터 소보루,메론빵향수','사르륵 부드럽고 달콤한 멜론크림 듬뿍, 고소한 버터의 풍미 가득! 메론빵 향수를 만나보세요','84.jpg','asd123'),(3,512000,500000,21000,85,'2024-09-25 00:00:00','2024-08-26 00:00:00','교정 필수템! 99.9% 살균 세척 케이스','교정기, 마우스피스, 틀니, 아기 쪽쪽이까지 찝찝함을 싹~ 어디서든 깨끗함을 유지하세요.','85.jpg','asd123'),(0,456000,500000,14000,86,'2024-09-25 00:00:00','2024-09-05 00:00:00','취미와 수익창출을 위한 디자인비누 레시피북','취미부터 공방창업까지! 한 권으로 끝내는 수제비누 기법서 & 공방창업, 수익창출 가이드 북','86.jpg','asd123'),(0,1187850,1000000,17000,87,'2024-09-30 00:00:00','2024-08-28 00:00:00','로맨스 웹툰을 위한 기본 배경2','로맨스 웹툰을 위한 기본 배경2','87.jpg','asd123'),(6,326400,500000,18000,88,'2024-10-06 00:00:00','2024-09-08 00:00:00','자유롭게 끈조절이 되는 일월오봉백(Bag)','3WAY로 자유롭게 끈조절이 가능한 일월오봉도,미니 전통백을 소개합니다.','88.jpg','asd123'),(5,1200040,500000,19000,89,'2024-09-23 00:00:00','2024-09-09 00:00:00','우주별 꽃밭은 초록 아닌 보라색,비올렛스윔','라일락, 바이올렛, 아이리스의 포근한 향기가 어우러져 나는 특별한 보라색 우주꽃밭 향기','89.jpg','ntntnt46'),(2,465300,500000,21000,90,'2024-09-28 00:00:00','2024-09-09 00:00:00','명탐정 셜록 그리고 모리아티 만년필','셜록홈즈와 그의 숙적 모리아티를 테마로 만년필과 책갈피를 제작합니다.','90.jpg','asd123'),(0,387550,500000,11000,91,'2024-10-18 00:00:00','2024-08-19 00:00:00','카발라의 정수 <솔로몬의 열쇠>','카발라 마법을 집대성한 그 책, 악마와 천사를 소환하는 <솔로몬 왕의 열쇠>','91.jpg','asd123'),(1,384800,1000000,17000,92,'2024-10-19 00:00:00','2024-08-20 00:00:00','우주의 찬란함을 표현한 오라클 카드','우주의 찬란함과 아름다움, 그리고 다양한 감정과 이해를 소녀들로 표현한 오라클 카드입니다.','92.jpg','asd123'),(5,338100,500000,14000,93,'2024-09-30 00:00:00','2024-09-09 00:00:00','한 병으로 5가지 기능을! 올인원 [앰플]','건조한 피부에 긴급 처방! 우롱향 가득 머금은 버블 캡슐 앰플로 끈적임없이 촉촉하게 해결~','93.jpg','ktktkt12'),(5,2459000,2000000,21000,101,'2024-10-11 00:00:00','2024-09-08 00:00:00','보물을 담은 겨울 향수, \"몰약\" 과 \"백향목\"','101.png','101.jpg','hhrdda3452'),(5,1563000,1800000,15000,102,'2024-09-25 00:00:00','2024-09-04 00:00:00','사르륵, 한 장씩 책장을 넘길 때면. [책방 향기]','102.png','102.jpg','jd353s'),(5,0,50000,100,103,'2024-09-30 00:00:00','2024-09-20 00:00:00','오렌지 꽃내음과 가을 바람의 숨결','103.png','103.jpg','test'),(5,754000,1000000,16000,104,'2024-09-25 00:00:00','2024-09-03 00:00:00','[살인의 향기] 인류 최초의 살인에 대하여..','여러분들께 들려드릴 이야기는 바로 인류 최초의 살인으로 기록된 카인과 아벨의 이야기입니다.','104.jpg','zzxcb124'),(5,213000,3000000,31000,105,'2024-10-25 00:00:00','2024-09-11 00:00:00','[아기곰 푸우] 푸우의 꿀단지에서는 어떤 향기가 날까?','우리들의 소중한 기억속에 자리잡은 푸우의 향기.','105.jpg','aaaxv123'),(5,1546000,1500000,15000,106,'2024-09-29 00:00:00','2024-09-01 00:00:00','풋풋한 청사과와 수줍은 복숭아','여름을 대표하는 청사과와 복숭아의 싱그러운 향기','106.jpg','urtu6'),(5,4631100,5000000,48000,107,'2024-09-30 00:00:00','2024-08-29 00:00:00','[더모멘트] 격렬한 섹스 그리고 담배, 퇴폐미 가득한 향기','담배 연기 자욱했던 그때 그 순간을 기억해..','107.jpg','myjfg575'),(5,530100,2000000,19000,108,'2024-10-11 00:00:00','2024-10-10 00:00:00','역대급 미친 향기 [살냄새 향수]','그 사람의 기억에 당신을 새겨드립니다.','108.jpg','hgfd546734'),(5,854000,1300000,11000,109,'2024-10-17 00:00:00','2024-09-08 00:00:00','[압생트] 녹색의 요정은 고흐에게 녹색악마로 변하였다.','19세기 후반 유럽국가들의 예술가들에게 엄청난 사랑을 받았던 술, 압생트 향수 프로젝트','109.jpg','uiyret35'),(5,137300,1000000,13000,110,'2024-10-07 00:00:00','2024-09-13 00:00:00','오늘, 헤어나올 수 없는 향기의 유혹이 당신을 찾아갑니다.','2024년, 뱀의 향기로 원했던 모든것을 이루어 보세요.','110.jpg','hhhsd47'),(2,0,5060300,2000,583,'2024-09-28 00:00:00','2024-09-15 00:00:00','새로만든 프로젝트','103.png','103.jpg','testID11');
/*!40000 ALTER TABLE `project` ENABLE KEYS */;
UNLOCK TABLES;

--
-- Table structure for table `support`
--

DROP TABLE IF EXISTS `support`;
/*!40101 SET @saved_cs_client     = @@character_set_client */;
/*!50503 SET character_set_client = utf8mb4 */;
CREATE TABLE `support` (
  `amount` int NOT NULL,
  `project_id` int NOT NULL,
  `support_id` int NOT NULL AUTO_INCREMENT,
  `user_id` varchar(255) NOT NULL,
  PRIMARY KEY (`support_id`),
  KEY `FKgmanwvg2n2849ve56i7oossn3` (`project_id`),
  KEY `FKog1o7qfuuwlsyy8qbqlmulmhv` (`user_id`),
  CONSTRAINT `FKgmanwvg2n2849ve56i7oossn3` FOREIGN KEY (`project_id`) REFERENCES `project` (`project_id`),
  CONSTRAINT `FKog1o7qfuuwlsyy8qbqlmulmhv` FOREIGN KEY (`user_id`) REFERENCES `user` (`user_id`)
) ENGINE=InnoDB AUTO_INCREMENT=129 DEFAULT CHARSET=utf8mb4 COLLATE=utf8mb4_0900_ai_ci;
/*!40101 SET character_set_client = @saved_cs_client */;

--
-- Dumping data for table `support`
--

LOCK TABLES `support` WRITE;
/*!40000 ALTER TABLE `support` DISABLE KEYS */;
INSERT INTO `support` VALUES (40000,1,1,'ntcg35'),(60000,2,2,'ntfdh756'),(22000,3,3,'ybaxt125'),(15000,4,4,'uiyret35'),(13000,5,5,'jajaj21'),(40000,6,6,'dateit221'),(27000,7,7,'kuku5'),(12000,8,8,'nykfda234'),(10000,9,9,'jd353s'),(8000,10,10,'suta16'),(58000,11,11,'qwrq25'),(46000,12,12,'asdag2134'),(7000,13,13,'nunu324'),(16000,14,14,'88uuu'),(12000,15,15,'state58'),(14000,16,16,'cecey13'),(11000,17,17,'rtjn5746'),(10000,18,18,'hgfd546734'),(26000,19,19,'nynyasd1124'),(7000,20,20,'jtjsfq125'),(13000,21,21,'nucak1257'),(9000,22,22,'balsf124'),(15000,23,23,'aaaw4r12'),(5000,24,24,'vava341'),(11000,25,25,'asvbzwt123'),(25000,26,26,'jungung1'),(14000,27,27,'kyjg444'),(17000,28,28,'yyyyyy77'),(9000,29,29,'53576as'),(11000,30,30,'nntnt24'),(15000,31,31,'nyny124'),(17000,32,32,'tttr124'),(11000,33,33,'hhrdda3452'),(15000,34,34,'asd123'),(10000,35,35,'hdel563'),(25000,36,36,'bngia123'),(14000,37,37,'sulrok70'),(16000,38,38,'mmmt446'),(27000,39,39,'myjfg575'),(24000,40,40,'55567asfv'),(15000,41,41,'minugy12'),(17000,42,42,'muifgj56'),(15000,43,43,'iufg1234'),(20000,44,44,'jhj4ra12'),(10000,45,45,'urtu6'),(15000,46,46,'nte75'),(34000,47,47,'jjjt53'),(7000,48,48,'bundank25'),(11000,49,49,'567gjs'),(14000,50,50,'mutgj78'),(20000,51,51,'aaaaa1111'),(17000,52,52,'vbno452'),(15000,53,53,'aaaxv123'),(19000,54,54,'ttut44'),(17000,55,55,'cvcvc35'),(21000,56,56,'curfgh15'),(18000,57,57,'qqqave77'),(25000,58,58,'zzxcb124'),(20000,59,59,'youngjin2'),(25000,60,60,'jytfgh68'),(30000,61,61,'nmtyjr14'),(35000,62,62,'jolfiss11'),(11000,63,63,'mmmma124'),(21000,64,64,'bbnbry74'),(15000,65,65,'8dfh5'),(35000,66,66,'ktktkt12'),(17000,67,67,'btufg46'),(27000,68,68,'jung66'),(12000,69,69,'tim2555'),(19000,70,70,'igig66'),(18000,71,71,'hhhsd47'),(20000,72,72,'hyjui311'),(25000,73,73,'ntntnt46'),(18000,74,74,'ccvnr75367'),(19000,75,75,'nyadg15'),(25000,76,76,'hhhd3512'),(16000,77,77,'vvrrr2'),(21000,78,78,'asd123'),(20000,79,79,'asd123'),(19000,80,80,'asd123'),(45000,81,81,'asd123'),(18000,82,82,'asd123'),(17000,83,83,'asd123'),(16000,84,84,'asd123'),(21000,85,85,'asd123'),(14000,86,86,'asd123'),(17000,87,87,'asd123'),(18000,88,88,'asd123'),(19000,89,89,'asd123'),(21000,90,90,'asd123'),(11000,91,91,'asd123'),(17000,92,92,'asd123'),(14000,93,93,'asd123'),(15000,43,95,'53576as'),(8000,10,96,'53576as'),(58000,11,97,'53576as'),(58000,11,98,'567gjs'),(21000,101,101,'hhrdda3452'),(15000,102,102,'jd353s'),(16000,104,104,'zzxcb124'),(31000,105,105,'aaaxv123'),(15000,106,106,'urtu6'),(48000,107,107,'myjfg575'),(19000,108,108,'hgfd546734'),(11000,109,109,'uiyret35'),(13000,110,110,'hhhsd47'),(16000,14,115,'53576as'),(10000,18,116,'53576as'),(10000,18,117,'53576as'),(10000,18,118,'53576as'),(10000,18,119,'53576as'),(10000,18,120,'53576as'),(21000,101,121,'송'),(13000,5,124,'testID'),(15000,102,125,'testID1'),(15000,102,126,'tester12'),(13000,5,127,'송'),(15000,102,128,'test');
/*!40000 ALTER TABLE `support` ENABLE KEYS */;
UNLOCK TABLES;

--
-- Table structure for table `user`
--

DROP TABLE IF EXISTS `user`;
/*!40101 SET @saved_cs_client     = @@character_set_client */;
/*!50503 SET character_set_client = utf8mb4 */;
CREATE TABLE `user` (
  `name` varchar(30) NOT NULL,
  `email` varchar(45) NOT NULL,
  `user_pw` varchar(45) NOT NULL,
  `address` varchar(500) NOT NULL,
  `user_id` varchar(255) NOT NULL,
  PRIMARY KEY (`user_id`)
) ENGINE=InnoDB DEFAULT CHARSET=utf8mb4 COLLATE=utf8mb4_0900_ai_ci;
/*!40101 SET character_set_client = @saved_cs_client */;

--
-- Dumping data for table `user`
--

LOCK TABLES `user` WRITE;
/*!40000 ALTER TABLE `user` DISABLE KEYS */;
INSERT INTO `user` VALUES ('다산북스','nynu24@gmail.com','1234','광주시 광산구 연산동 741','53576as'),('무동금강','aazeyt12@naver.com','1234','창원시 의창구 창이대로 25','55567asfv'),('비연','kkkk44@gmail.com','1234','서울시 영등포구 영등대로 영릉리 465','567gjs'),('Ord:D','iuhj234@naver.com','1234','창원시 의창구 창이대로 46','88uuu'),('일오도','aaacxxc35@gmail.com','1234','광주시 광산구 연산동 624','8dfh5'),('선세개클럽','xxbth235@daum.net','1234','부산시 중구 남포동 30','aaaaa1111'),('글라소디','qqqaazx2@gmail.com','1234','서울시 영등포구 영등대로 영릉리 105','aaaw4r12'),('세모네모동그라미','bubuamxl1@gmail.com','1234','대전시 유성구 가정로 75','aaaxv123'),('딜라이트','20hee@gmail.com','1234','대전시 유성구 가정로 152','asd123'),('goat','bhayr52@gmail.com','1234','시흥시 정왕동 6','asdag2134'),('김씨네 디자인실 (Kims)','buutgnw1@daum.net','1234','서울시 한강구 한강동 87','asvbzwt123'),('그로스쿨','tyujan123@gmail.com','1234','나주시 향교길 58-16','balsf124'),('일러스트레이터 강정연','xzzc532@daum.net','1234','인천시 서구 석남동 45-75','bbnbry74'),('로브콜(lobcol)','575382@naver.com','1234','창원시 의창구 창이대로 415','bngia123'),('조인조인랩','lilil78@gmail.com','1234','서울시 한강구 한강동 92','btufg46'),('블랙잉크','krtuaa111@daum.net','1234','서울시 한강구 한강동 451','bundank25'),('프로젝트 칠','pjy567@gmail.com','1234','시흥시 정왕동 71','ccvnr75367'),('pickgeul(픽글)','buaiwal123@daum.net','1234','부산시 중구 남포동 95','cecey13'),('아무개즈','ltklt6@daum.net','1234','서울시 한강구 한강동 1','curfgh15'),('아누엔 (Anuen)','btbt33@daum.net','1234','서울시 한강구 한강동 32','cvcvc35'),('72솝','powerup88@gmail.com','1234','나주시 향교길 42-16','dateit221'),('song','40555004@ejfi.coi','1234','경기 성남시 분당구 판교역로 4 (백현동)','efiejfji12314'),('etesfewf','12312314@12312','12312321','대전 동구 판교1길 4 (판암동) 판교1ㄷ동','fefwefwef'),('로나','freiam26@daum.net','1234','부산시 중구 남포동 48','hdel563'),('SOVA_Official','biefh35@gmail.com','1234','시흥시 정왕동 12','hgfd546734'),('한빛미디어','jjjf462@gmail.com','1234','대전시 유성구 가정로 30','hhhd3512'),('파머스 프룻','my22my@daum.net','1234','서울시 한강구 한강동 456','hhhsd47'),('드로마인드','iiihj35@gmail.com','1234','서울시 한강구 한강동 9','hhrdda3452'),('판타지문학사','qqqqq24@gmail.com','1234','나주시 향교길 14-8','hyjui311'),('이름1','ididid@email.com','1234','경기 안성시 일죽면 판교길 13 112호','ididid'),('팀 이그노스트','roadking674@gmail.com','1234','시흥시 정왕동 12','igig66'),('반짝이는것들','iykbn2@naver.com','1234','부산시 해운대구 재송동 879','iufg1234'),('23bit','hiauw112@daum.net','1234','서울시 강서구 마곡중앙로 150','jajaj21'),('BOARDPOP','xzcbb6464@gmail.com','1234','광주시 광산구 연산동 666','jd353s'),('배경키트','huhun@daum.net','1234','인천시 서구 석남동 124-3','jhj4ra12'),('브로콜리너마저','ikik34@gmail.com','1234','광주시 광산구 연산동 999','jjjt53'),('이반지하','asda@gmail.com','1234','서울시 영등포구 영등대로 영릉리 309','jolfiss11'),('TNT 게임즈','yyey35@gmail.com','1234','서울시 강북구 미아동 644','jtjsfq125'),('중현','123456@naver.com','1234','부산시 해운대구 재송동 782','jung66'),('네이버웹툰','webtooooon11@naver.com','1234','서울시 강남구 역삼동 832-7 ','jungung1'),('우리 정치 정상 영업합니다','aatw235@daum.net','1234','인천시 서구 석남동 6-45','jytfgh68'),('일청','aaaa1aaa@gmail.com','1234','시흥시 정왕동 79','ktktkt12'),('AT [앳-]','yjyjyj@gmail.com','1234','시흥시 정왕동 49','kuku5'),('네이버웹툰','jjyt462@gmail.com','1234','서울시 영등포구 영등대로 영릉리 352','kyjg444'),('무용지용','kjas12@gmail.com','1234','서울시 한강구 한강동 20','minugy12'),('이화여대 중앙뮤지컬동아리 이뮤','neas12@gmail.com','1234','서울시 한강구 한강동 64','mmmma124'),('마담 A','twfxd35@naver.com','1234','창원시 의창구 창이대로 11','mmmt446'),('미스틱바라기','jyjy567@naver.com','1234','창원시 의창구 창이대로 17','muifgj56'),('상상토끼 용이','htr351@naver.com','1234','부산시 해운대구 재송동 103','mutgj78'),('먼지네 작업실','tttw235@naver.com','1234','부산시 해운대구 재송동 56','myjfg575'),('이글루','aaaasf12@daum.net','1234','부산시 중구 남포동 32','nmtyjr14'),('단춤과 하호하호','buasl125@gmail.com','1234','대전시 유성구 가정로 74','nntnt24'),('(주)나인헥타르','mumu564@gmail.com','1234','나주시 향교길 78-6','ntcg35'),('버블리블리스','vuvuvuu15@gmail.com','1234','대전시 유성구 가정로 77','nte75'),('(주)디앤씨미디어','qwrg46@gmail.com','1234','서울시 강북구 미아동 798','ntfdh756'),('프란시움(Francium)','vuvuvu12245@gmail.com','1234','나주시 향교길 1-4','ntntnt46'),('YUEL(유엘)','bubula11@gmail.com','1234','부산시 서구 서대신동 12','nucak1257'),('OIISA 오이사','bialwi@gmail.com','1234','서울시 강북구 미아동 1354','nunu324'),('하고두잇','mnt1123@gmail.com','1234','서울시 한강구 한강동 96','nyadg15'),('AUDIO MAGAZINE','qwty12@gmail.com','1234','서울시 영등포구 영등대로 영릉리 251','nykfda234'),('도또랑','alal123@gmail.com','1234','서울시 영등포구 영등대로 영릉리 301','nyny124'),('sun_tarotist','jajanv1@gmail.com','1234','서울시 한강구 한강동 10','nynyasd1124'),('아이돌룩(idolllook)','aaa2222@gmail.com','1234','서울시 강북구 미아동 854','qqqave77'),('djejej','fwfwe@neiif.ef','1234','대전 동구 판교1길 3 (판암동)','qwqwqw123'),('edelground','qqqqqiiiii3@daum.net','1234','부산시 중구 남포동 8','qwrq25'),('SIGONGSA','sigong666@gmail.com','1234','나주시 향교길 54-13','rtjn5746'),('pc수정','pcpc125@daum.net','1234','서울시 서초구 헌릉로 13','state58'),('리츠빈','litz11@naver.com','1234','부산시 사하구 하단로 57','sulrok70'),('clytie(끌리띠에)','huwnz15@gmail.com','1234','부산시 중구 남포동 48','suta16'),('test','test@naver.com','1234','테스트 주소','test'),('test1','test1@naver.com','1234','부산 부산진구 중앙대로 708 (부전동) 4층','test1'),('131231','1231231231','1234','서울 송파구 동남로 105 (가락동) 123','test1231232312'),('테스터12','testEmail@Email.com','1234','서울 은평구 갈현로 181 (갈현동) 305호','tester12'),('testName','test123@Email.com','1234','부산 강서구 강동신덕1길 4 (강동동) 1104호','testID'),('testName1','test@email.com','1234','서울 송파구 동남로 105 (가락동) 00 아파트 104동 405호','testID1'),('tester11','test@email.com','1234','서울 종로구 북촌로 31-10 (가회동) 405호','testID11'),('티키틱 TIKITIK','brother542@daum.net','1234','인천시 서구 석남동 491-3','tim2555'),('도미넌트 인더스트리','uu2123@daum.net','1234','인천시 서구 석남동 82-6','tttr124'),('아나키아','zzztw1@daum.net','1234','인천시 서구 석남동 100-41','ttut44'),('[SPUR] 스퍼','bng311@daum.net','1234','서울시 한강구 한강동 4','uiyret35'),('백나비','aaaghru1235@daum.net','1234','부산시 중구 남포동 99','urtu6'),('글리프','581lxm@naver.com','1234','창원시 의창구 창이대로 16','vava341'),('세계관','helpkim07@gmail.com','1234','서울시 강북구 미아동 1357','vbno452'),('현암사','nnnnr124@naver.com','1234','부산시 해운대구 재송동 274','vvrrr2'),('(주)휘카페','57tkrha2@gmail.com','1234','광주시 광산구 연산동 1212','ybaxt125'),('영진닷컴','435mimi@gmail.com','1234','광주시 광산구 연산동 1250','youngjin2'),('다미','qwrt2415@naver.com','1234','부산시 해운대구 재송동 754','yyyyyy77'),('에디아','btrec124@gmail.com','1234','대전시 유성구 가정로 14','zzxcb124'),('송','123@네이버','1234','부산 부산진구 서면문화로 2 (부전동) 아이티 학원','송');
/*!40000 ALTER TABLE `user` ENABLE KEYS */;
UNLOCK TABLES;
/*!40103 SET TIME_ZONE=@OLD_TIME_ZONE */;

/*!40101 SET SQL_MODE=@OLD_SQL_MODE */;
/*!40014 SET FOREIGN_KEY_CHECKS=@OLD_FOREIGN_KEY_CHECKS */;
/*!40014 SET UNIQUE_CHECKS=@OLD_UNIQUE_CHECKS */;
/*!40101 SET CHARACTER_SET_CLIENT=@OLD_CHARACTER_SET_CLIENT */;
/*!40101 SET CHARACTER_SET_RESULTS=@OLD_CHARACTER_SET_RESULTS */;
/*!40101 SET COLLATION_CONNECTION=@OLD_COLLATION_CONNECTION */;
/*!40111 SET SQL_NOTES=@OLD_SQL_NOTES */;

-- Dump completed on 2024-09-20 13:49:38
